title,price
Apple iPhone 13 (128GB) - Midnight,"₹50,999"
Apple iPhone 15 (128 GB) - Blue,"₹59,900"
Apple iPhone 15 Pro (128 GB) - Natural Titanium,"₹79,900"
Apple iPhone 15 Pro (256 GB) - Blue Titanium,"₹1,34,900"
Apple iPhone 13 (128GB) - Pink,"₹1,44,900"
Apple iPhone 13 (128GB) - Starlight,"₹50,999"
Apple iPhone 15 Pro (128 GB) - Blue Titanium,"₹59,900"
Apple iPhone 13 (128GB) - Blue,"₹50,999"
Apple iPhone 13 (128GB) - Midnight,"₹69,900"
Apple iPhone 13 (128GB) - Green,"₹1,34,900"
Apple iPhone 15 (128 GB) - Blue,"₹50,999"
Apple iPhone 15 Plus (128 GB) - Black,"₹69,900"
Apple iPhone 15 (128 GB) - Black,"₹50,999"
Apple iPhone 15 Pro Max (256 GB) - Blue Titanium,"₹59,900"
Apple iPhone 13 (128GB) - (Product) RED,"₹50,999"
Apple iPhone 15 (256 GB) - Blue,"₹59,900"
Apple iPhone 15 (128 GB) - Pink,"₹79,900"
Apple iPhone 15 Plus (128 GB) - Blue,"₹89,900"
,"₹79,900"
,"₹1,59,900"
,"₹50,999"
,"₹69,900"
,"₹89,900"
,"₹79,900"
,"₹89,900"
